[
 {
  "pk": 28,
  "model": "movies.genre",
  "fields": {
   "genre_id": 28,
   "name": "Action"
  }
 },
 {
  "pk": 12,
  "model": "movies.genre",
  "fields": {
   "genre_id": 12,
   "name": "Adventure"
  }
 },
 {
  "pk": 16,
  "model": "movies.genre",
  "fields": {
   "genre_id": 16,
   "name": "Animation"
  }
 },
 {
  "pk": 35,
  "model": "movies.genre",
  "fields": {
   "genre_id": 35,
   "name": "Comedy"
  }
 },
 {
  "pk": 80,
  "model": "movies.genre",
  "fields": {
   "genre_id": 80,
   "name": "Crime"
  }
 },
 {
  "pk": 99,
  "model": "movies.genre",
  "fields": {
   "genre_id": 99,
   "name": "Documentary"
  }
 },
 {
  "pk": 18,
  "model": "movies.genre",
  "fields": {
   "genre_id": 18,
   "name": "Drama"
  }
 },
 {
  "pk": 10751,
  "model": "movies.genre",
  "fields": {
   "genre_id": 10751,
   "name": "Family"
  }
 },
 {
  "pk": 14,
  "model": "movies.genre",
  "fields": {
   "genre_id": 14,
   "name": "Fantasy"
  }
 },
 {
  "pk": 36,
  "model": "movies.genre",
  "fields": {
   "genre_id": 36,
   "name": "History"
  }
 },
 {
  "pk": 27,
  "model": "movies.genre",
  "fields": {
   "genre_id": 27,
   "name": "Horror"
  }
 },
 {
  "pk": 10402,
  "model": "movies.genre",
  "fields": {
   "genre_id": 10402,
   "name": "Music"
  }
 },
 {
  "pk": 9648,
  "model": "movies.genre",
  "fields": {
   "genre_id": 9648,
   "name": "Mystery"
  }
 },
 {
  "pk": 10749,
  "model": "movies.genre",
  "fields": {
   "genre_id": 10749,
   "name": "Romance"
  }
 },
 {
  "pk": 878,
  "model": "movies.genre",
  "fields": {
   "genre_id": 878,
   "name": "Science Fiction"
  }
 },
 {
  "pk": 10770,
  "model": "movies.genre",
  "fields": {
   "genre_id": 10770,
   "name": "TV Movie"
  }
 },
 {
  "pk": 53,
  "model": "movies.genre",
  "fields": {
   "genre_id": 53,
   "name": "Thriller"
  }
 },
 {
  "pk": 10752,
  "model": "movies.genre",
  "fields": {
   "genre_id": 10752,
   "name": "War"
  }
 },
 {
  "pk": 37,
  "model": "movies.genre",
  "fields": {
   "genre_id": 37,
   "name": "Western"
  }
 }
]